town,weather_label,n,completion_pct_mean,completion_pct_std,distance_m_mean,distance_m_std,offroad_pct_mean,offroad_pct_std,collisions_mean,collisions_std,stuck_events_mean,stuck_events_std,vlm_frame_pct_mean,vlm_frame_pct_std,fallback_frame_pct_mean,fallback_frame_pct_std,speed_floor_pct_mean,speed_floor_pct_std,hallucination_pct_mean,hallucination_pct_std,avg_speed_mps_mean,avg_speed_mps_std,steer_std_mean,steer_std_std
Town01,ClearNight,2,61.92265,3.49405,432.68985,31.30625,0.1,0.0,0.0,0.0,0.0,0.0,66.17645,14.23795,33.82355,14.23795,45.5047,21.3068,10.0,10.0,2.8896,0.2084,0.1006,0.0141
Town01,ClearNoon,2,61.6369,3.7798,429.4356,32.2856,0.16665,0.06665,0.0,0.0,0.0,0.0,58.57285,7.23595,41.42715,7.23595,53.2921,5.4646,8.33335,8.33335,2.8677,0.2162,0.10095,0.01165
Town01,ClearSunset,2,59.05355,2.80355,411.9136,13.9018,0.1,0.0,0.0,0.0,0.0,0.0,61.26335,3.54275,38.73665,3.54275,32.85425,14.63905,33.33335,16.66665,2.75105,0.09315,0.10195,0.01535
Town01,HardRainNight,2,61.6369,3.7798,430.30655,32.10735,0.2166,0.1166,0.0,0.0,0.0,0.0,66.74465,12.83425,33.25535,12.83425,34.5254,6.7848,30.0,10.0,2.87325,0.21455,0.1353,0.016
Town01,HardRainNoon,2,60.3393,4.0893,420.38665,22.26315,3.8948,3.7948,0.0,0.0,0.0,0.0,70.0233,6.3804,29.9767,6.3804,29.77455,0.23885,50.0,10.0,2.8978,0.0578,0.18395,0.01975
Town01,WetCloudyNoon,2,30.7877,20.9266,211.4025,143.2069,8.50625,8.38455,0.5,0.5,0.0,0.0,55.75095,17.22425,44.24905,17.22425,15.5406,10.6295,16.66665,16.66665,2.01805,0.86555,0.1086,0.0104
